weights,PSNR,SSIM,NCC,LMSE,score
"0.25,0.25,0.25,0.25",25.92532597818797,0.9128901605673225,0.9491520164036514,0.004934855018993655,1.0
