image,PSNR,SSIM,NCC,LMSE
pair1,19.155643036830035,0.5624777480047635,0.8547695,0.07558906
pair2,17.149257886889114,0.6397276036875986,0.8664181,0.040103562
pair3,19.75851708429322,0.6540606583668142,0.5121281,0.19017741
pair4,16.025698401166128,0.36007604492892914,0.67579764,0.09710792
pair5,17.423121857258806,0.399399211007071,0.83912337,0.062768154
