{
  "metrics": {
    "LMSE": 0.0037522200380585165,
    "NCC": 0.962245860700494,
    "PSNR": 26.53963910882122,
    "SSIM": 0.9202006092740022
  },
  "num_images": 101
}
