{
  "metrics": {
    "LMSE": 0.09366993296492025,
    "NCC": 0.7518376932309533,
    "PSNR": 17.508158753495163,
    "SSIM": 0.516383150265316
  },
  "num_images": 5
}
