{
  "metrics": {
    "LMSE": 0.0024396607470484003,
    "NCC": 0.988084248972778,
    "PSNR": 26.646417200032428,
    "SSIM": 0.9158069962162614
  },
  "num_images": 200
}
