{
  "metrics": {
    "LMSE": 0.09352111062664563,
    "NCC": 0.7518424089878021,
    "PSNR": 17.50583056454521,
    "SSIM": 0.5160841683740754
  },
  "num_images": 5
}
