image,PSNR,SSIM,NCC,LMSE
pair1,18.64245521822356,0.5374710836921777,0.84913206,0.082072034
pair2,16.191902669366005,0.6117986871451881,0.8635871,0.044015057
pair3,19.051981322183256,0.5410832658980939,0.41699803,0.25021368
pair4,15.56594391212166,0.35252867023393614,0.614878,0.10735692
pair5,17.616584976302665,0.42224291292889876,0.8434965,0.06358091
