image,PSNR,SSIM,NCC,LMSE
pair1,19.0365313433656,0.5584298938068518,0.85514104,0.07762518
pair2,16.934630689288635,0.6286680334482143,0.87030315,0.04005384
pair3,18.738108898128072,0.5973348835549481,0.40020287,0.21531785
pair4,15.858123589846487,0.3551107231734419,0.6497404,0.102910824
pair5,17.649141358638936,0.4391310354285358,0.84598917,0.059428662
