{
  "six_dataset_mean": {
    "XReflection-RDNet": {
      "PSNR": 25.89724533333333,
      "SSIM": 0.9005268333333333,
      "NCC": 0.9622433333333333,
      "LMSE": 0.005165333333333333
    },
    "RDNet + NAFNet Refiner (fair)": {
      "PSNR": 26.00027233333333,
      "SSIM": 0.9004198333333333,
      "NCC": 0.9634486666666667,
      "LMSE": 0.0052495
    },
    "RDNet + Learned Confidence Gate": {
      "PSNR": 25.948466999999997,
      "SSIM": 0.8993025000000001,
      "NCC": 0.9629488333333334,
      "LMSE": 0.005353
    }
  },
  "weighted_mean_by_image": {
    "XReflection-RDNet": {
      "PSNR": 26.253230314814815,
      "SSIM": 0.9163945027777779,
      "NCC": 0.9765583037037038,
      "LMSE": 0.0032448231481481482
    },
    "RDNet + NAFNet Refiner (fair)": {
      "PSNR": 26.186312194444444,
      "SSIM": 0.9144376564814815,
      "NCC": 0.9767773888888889,
      "LMSE": 0.0033377472222222222
    },
    "RDNet + Learned Confidence Gate": {
      "PSNR": 26.149473424074078,
      "SSIM": 0.9134024694444444,
      "NCC": 0.976271437962963,
      "LMSE": 0.0034049509259259265
    }
  },
  "six_dataset_mean_deltas": {
    "conf_minus_rdnet": {
      "PSNR": 0.05122166666666672,
      "SSIM": -0.0012243333333331607,
      "NCC": 0.0007055000000000256,
      "LMSE": 0.0001876666666666667
    },
    "conf_minus_ungated": {
      "PSNR": -0.05180533333333415,
      "SSIM": -0.0011173333333331925,
      "NCC": -0.000499833333333366,
      "LMSE": 0.00010350000000000029
    }
  },
  "weighted_mean_deltas": {
    "conf_minus_rdnet": {
      "PSNR": -0.1037568907407369,
      "SSIM": -0.0029920333333335325,
      "NCC": -0.00028686574074077154,
      "LMSE": 0.0001601277777777783
    },
    "conf_minus_ungated": {
      "PSNR": -0.03683877037036609,
      "SSIM": -0.0010351870370370886,
      "NCC": -0.0005059509259258688,
      "LMSE": 6.72037037037043e-05
    }
  }
}
