{
  "metrics": {
    "LMSE": 0.0039206699659801204,
    "NCC": 0.9618995038211249,
    "PSNR": 26.54742069079218,
    "SSIM": 0.9184044933542265
  },
  "num_images": 101
}
