{
  "metrics": {
    "LMSE": 0.0033688920482733784,
    "NCC": 0.9833443074830674,
    "PSNR": 24.426408487346453,
    "SSIM": 0.8943395989777625
  },
  "num_images": 200
}
