{
  "metrics": {
    "LMSE": 0.01618773882604967,
    "NCC": 0.8851090966962687,
    "PSNR": 23.00847230811381,
    "SSIM": 0.7949640962840114
  },
  "num_images": 20
}
