{
  "metrics": {
    "LMSE": 0.0033241563625689714,
    "NCC": 0.9740676208565333,
    "PSNR": 24.88420183342035,
    "SSIM": 0.9062326093293441
  },
  "num_images": 179
}
