{
  "metrics": {
    "LMSE": 0.09488112863265122,
    "NCC": 0.7513648065701949,
    "PSNR": 17.485617913635277,
    "SSIM": 0.5155044845699873
  },
  "num_images": 5
}
