{
  "metrics": {
    "LMSE": 0.01489332589372216,
    "NCC": 0.8917165175243671,
    "PSNR": 23.310884615632855,
    "SSIM": 0.8006820444424783
  },
  "num_images": 20
}
