{
  "metrics": {
    "LMSE": 0.003830748173099225,
    "NCC": 0.9623210290320222,
    "PSNR": 26.495339533507675,
    "SSIM": 0.9189802942593664
  },
  "num_images": 101
}
