weights,PSNR,SSIM,NCC,LMSE,score
"0.25,0.25,0.25,0.25",24.75425482921217,0.8986431150648216,0.9832014748454094,0.0030923192179761827,1.0
