{
  "metrics": {
    "LMSE": 0.0024595384158469518,
    "NCC": 0.9882278253341128,
    "PSNR": 26.68375909819747,
    "SSIM": 0.9154120538022061
  },
  "num_images": 200
}
