weights,PSNR,SSIM,NCC,LMSE,score
"0.25,0.25,0.25,0.25",23.521196757142786,0.8299314618748594,0.8926583558321,0.018573523353552446,1.0
