weights,PSNR,SSIM,NCC,LMSE,score
"0.25,0.25,0.25,0.25",29.25419070861814,0.9549939669254927,0.9844758778810501,0.003589066833665129,1.0
