{
  "metrics": {
    "LMSE": 0.0024707972191047277,
    "NCC": 0.9880079430724251,
    "PSNR": 26.688658625649214,
    "SSIM": 0.915597641146348
  },
  "num_images": 200
}
