{
  "metrics": {
    "LMSE": 0.0031753870741448175,
    "NCC": 0.9753187140468956,
    "PSNR": 25.33242113253231,
    "SSIM": 0.9102901350448113
  },
  "num_images": 179
}
