epoch,dataset,PSNR,SSIM,NCC,LMSE
1,real20,22.554993614707453,0.7932450308242237,0.86438143,0.026231926
1,ceilnet_table2,26.89284114747134,0.9342463837353764,0.97607917,0.005687379
1,wild,25.067697688097688,0.9122811676439833,0.96610355,0.004207941
2,real20,22.537326271523018,0.7932703042784424,0.8651245,0.026317332
2,ceilnet_table2,26.82527767067456,0.9348045887680186,0.97586715,0.005819402
2,wild,25.065792906250422,0.9110640398303547,0.96607506,0.004273333
3,real20,22.52913335480568,0.7932222949171986,0.8647256,0.026349261
3,ceilnet_table2,26.821475611577917,0.9345160516274353,0.9758356,0.005845192
3,wild,25.06614205689625,0.9112887485927124,0.9661032,0.004271593
