{
  "metrics": {
    "LMSE": 0.004255066531506121,
    "NCC": 0.9813429930504576,
    "PSNR": 28.12247173106453,
    "SSIM": 0.9402016723300314
  },
  "num_images": 100
}
