{
  "metrics": {
    "LMSE": 0.004211131080362704,
    "NCC": 0.9818400810089705,
    "PSNR": 28.40517765211166,
    "SSIM": 0.9415805689757444
  },
  "num_images": 100
}
