image,PSNR,SSIM,NCC,LMSE
pair1,18.676551121390116,0.5407500549261995,0.8504329,0.0806253
pair2,16.266810013328183,0.6113625304943087,0.8664592,0.04363899
pair3,19.5072183397238,0.5627802376812833,0.43926132,0.23149134
pair4,15.786010069657245,0.3564990508954044,0.6292718,0.1041052
pair5,17.686446794505827,0.4423437657032229,0.8438641,0.06278928
