epoch,dataset,PSNR,SSIM,NCC,LMSE
1,real20,22.555003537806673,0.7930466206564827,0.86624414,0.026087034
1,ceilnet_table2,26.536171896295563,0.936442017892127,0.97609377,0.0055011446
1,wild,24.961359139094856,0.9116438149712465,0.96556777,0.004194719
