{
  "metrics": {
    "LMSE": 0.0037611763116126703,
    "NCC": 0.9625795354040767,
    "PSNR": 26.553842919289398,
    "SSIM": 0.9200276036925428
  },
  "num_images": 101
}
