{
  "metrics": {
    "LMSE": 0.006555900923313961,
    "NCC": 0.9470426380521861,
    "PSNR": 25.1627292301261,
    "SSIM": 0.8914686084998471
  },
  "num_images": 101
}
