weights,PSNR,SSIM,NCC,LMSE,score
"0.25,0.25,0.25,0.25",23.964612523343384,0.8971304470229001,0.9604562938213348,0.0038191658223998576,1.0
