epoch,dataset,PSNR,SSIM,NCC,LMSE
1,real20,22.541433642959795,0.7929612055669351,0.8645781,0.026358744
1,ceilnet_table2,26.876039456365127,0.9346256353568494,0.97598237,0.005808309
1,wild,25.07173190052147,0.9114975313672076,0.9660981,0.004245857
2,real20,22.53704197202202,0.7931290604326175,0.86562836,0.026361112
2,ceilnet_table2,26.790100166772742,0.9346548476220405,0.97562474,0.0058635473
2,wild,25.071568880998633,0.9106855458254628,0.9660363,0.0042946185
3,real20,22.526458250473564,0.7931382874689489,0.86499435,0.026392838
3,ceilnet_table2,26.788065173558955,0.9343153725446813,0.975642,0.005890654
3,wild,25.06567172240022,0.9108794515979353,0.9660894,0.004291778
