image,PSNR,SSIM,NCC,LMSE
pair1,19.10421490330788,0.5590291898561284,0.85510826,0.07657526
pair2,16.928521255358472,0.630740641749837,0.87054783,0.03957585
pair3,18.758840825519332,0.5989972818967394,0.40283048,0.21381895
pair4,15.856961558103896,0.3547517070015828,0.64802724,0.10234854
pair5,17.581208569292667,0.43757719926951594,0.84448224,0.059482694
