{
  "metrics": {
    "LMSE": 0.0025647346341832124,
    "NCC": 0.9873951113957896,
    "PSNR": 26.5223941749267,
    "SSIM": 0.9124994822465067
  },
  "num_images": 200
}
