image,PSNR,SSIM,NCC,LMSE
pair1,18.875070084567906,0.5473700381663906,0.8514081,0.08013465
pair2,16.699195529563625,0.6293456721358446,0.87185574,0.04278574
pair3,18.606815760882252,0.5818319986660804,0.31560966,0.269443
pair4,15.98241868491584,0.35916712298327796,0.65498006,0.100801654
pair5,17.370172058124353,0.38905126770634685,0.83695054,0.06397978
