image,PSNR,SSIM,NCC,LMSE
pair1,19.060228626123862,0.5605203519454524,0.8527136,0.07645399
pair2,16.588562792342064,0.6038513864856595,0.870636,0.04431061
pair3,19.35003628986408,0.6557604198985717,0.5304572,0.17144035
pair4,15.969231582628105,0.35738111104920556,0.67208666,0.10016473
pair5,17.63297728121006,0.42827324082189006,0.84359074,0.060465254
