{
  "metrics": {
    "LMSE": 0.015205799746300217,
    "NCC": 0.8940519045055663,
    "PSNR": 23.242354267125496,
    "SSIM": 0.8006062102177065
  },
  "num_images": 20
}
