{
  "metrics": {
    "LMSE": 0.0033963383940738678,
    "NCC": 0.9770079567813108,
    "PSNR": 25.89474654648577,
    "SSIM": 0.9102154432478234
  },
  "num_images": 480
}
