{
  "metrics": {
    "LMSE": 0.014870900652352461,
    "NCC": 0.8947366192243237,
    "PSNR": 23.412204996225135,
    "SSIM": 0.8033212567767347
  },
  "num_images": 20
}
