epoch,dataset,PSNR,SSIM,NCC,LMSE
1,real20,22.566778169739017,0.7935927731050723,0.86504793,0.026167536
1,ceilnet_table2,26.867241198073515,0.9346670099815201,0.976066,0.0056457655
1,wild,25.06520391980633,0.9122065024373824,0.96609133,0.0042051454
2,real20,22.53609061233365,0.7931753064246675,0.86543113,0.026335638
2,ceilnet_table2,26.760072155205627,0.9348340510007977,0.97578716,0.0058359597
2,wild,25.054130696636264,0.910923668062604,0.96604824,0.0042824056
3,real20,22.532653057986828,0.7933064395858576,0.8650584,0.026340622
3,ceilnet_table2,26.76994547866199,0.9346924923646676,0.97579145,0.0058359588
3,wild,25.056747708583313,0.9112224260363989,0.96607697,0.004276083
