epoch,dataset,PSNR,SSIM,NCC,LMSE
1,real20,22.57232422437631,0.7936808004016676,0.8654789,0.026137525
1,ceilnet_table2,26.799202287620602,0.9351102620789626,0.97607726,0.005615297
1,wild,25.050012929040292,0.912238565808414,0.9659921,0.004197226
2,real20,22.54649786464655,0.7931550386685361,0.86588967,0.026293058
2,ceilnet_table2,26.69712220767014,0.9352885051324465,0.9757453,0.0057963976
2,wild,25.04125154082572,0.9110016125139249,0.96595526,0.0042694975
3,real20,22.538656241477522,0.7932908721785569,0.8654677,0.02631608
3,ceilnet_table2,26.68468917706095,0.9351025511538408,0.9757544,0.0058144787
3,wild,25.039096146648653,0.9112205709832416,0.96598256,0.004268508
