{
  "metrics": {
    "LMSE": 0.004834370310428009,
    "NCC": 0.9529099562639716,
    "PSNR": 23.528856242673246,
    "SSIM": 0.8886950687026027
  },
  "num_images": 480
}
