{
  "metrics": {
    "LMSE": 0.0042076141687997625,
    "NCC": 0.9620834612531749,
    "PSNR": 23.741758044929476,
    "SSIM": 0.8898462148698173
  },
  "num_images": 480
}
