{
  "metrics": {
    "LMSE": 0.005227459574738621,
    "NCC": 0.9793409300583363,
    "PSNR": 26.93562583546772,
    "SSIM": 0.936567173179609
  },
  "num_images": 100
}
