{
  "metrics": {
    "LMSE": 0.004203803323025036,
    "NCC": 0.9821385677352749,
    "PSNR": 28.36521697963079,
    "SSIM": 0.9406583575598355
  },
  "num_images": 100
}
