{
  "metrics": {
    "LMSE": 0.09731768887760255,
    "NCC": 0.7182386382700955,
    "PSNR": 17.41190275150937,
    "SSIM": 0.5232945247349907
  },
  "num_images": 5
}
