{
  "metrics": {
    "LMSE": 0.002990209707344818,
    "NCC": 0.9778869407077079,
    "PSNR": 26.133938276501485,
    "SSIM": 0.9146741561519743
  },
  "num_images": 480
}
