{
  "metrics": {
    "LMSE": 0.005220667816401595,
    "NCC": 0.9776891163196585,
    "PSNR": 27.0622637263249,
    "SSIM": 0.9266769755274056
  },
  "num_images": 100
}
