{
  "metrics": {
    "LMSE": 0.0031944584965053597,
    "NCC": 0.9750804408820224,
    "PSNR": 24.969472963863613,
    "SSIM": 0.9090786748718952
  },
  "num_images": 179
}
