epoch,dataset,PSNR,SSIM,NCC,LMSE
1,real20,22.537939331388024,0.7924610643343966,0.8659954,0.02620906
1,ceilnet_table2,26.48802052167258,0.9357822513449232,0.9759938,0.0056044697
1,wild,24.954894005640462,0.9112835956736456,0.96556616,0.004219287
