{
  "metrics": {
    "LMSE": 0.003007488669826519,
    "NCC": 0.9779281188760757,
    "PSNR": 26.017136697956897,
    "SSIM": 0.914021419865536
  },
  "num_images": 480
}
