{
  "metrics": {
    "LMSE": 0.0030751854129246105,
    "NCC": 0.9774044097500808,
    "PSNR": 25.97506905457575,
    "SSIM": 0.9128170312904546
  },
  "num_images": 480
}
