dataset,key,images,RDNet_PSNR,RCA_PSNR,Delta_PSNR,RDNet_SSIM,RCA_SSIM,Delta_SSIM,RDNet_NCC,RCA_NCC,Delta_NCC,RDNet_LMSE,RCA_LMSE,Delta_LMSE
CEILNet synthetic,CEILNet_table2,100,27.132373131511567,27.0622637263249,-0.07010940518666686,0.9370088059994016,0.9266769755274056,-0.01033183047199604,0.9782987954603684,0.9776891163196585,-0.0006096791407098623,0.004283551509670466,0.005220667816401595,0.0009371163067311292
real20,real20,20,23.24846648154047,23.00847230811381,-0.23999417342665907,0.7974506009858491,0.7949640962840114,-0.002486504701837644,0.8906401942709771,0.8851090966962687,-0.005531097574708377,0.014704225424631229,0.01618773882604967,0.0014835134014184407
SIR2 with GT,sir2_withgt,480,26.224252433607536,25.89474654648577,-0.32950588712176554,0.9167252167127721,0.9102154432478234,-0.006509773464948632,0.9781670029899395,0.9770079567813108,-0.0011590462086287223,0.002897984187304084,0.0033963383940738678,0.0004983542067697839
SIR2 Objects,SIR2_objects,200,26.588745224467576,26.5223941749267,-0.06635104954087723,0.9166865505151727,0.9124994822465067,-0.004187068268665994,0.9878603576003583,0.9873951113957896,-0.00046524620456867005,0.0024214077152435423,0.0025647346341832124,0.00014332691893967006
SIR2 Postcard,SIR2_postcard,179,25.624857682679306,24.825195628814637,-0.7996620538646688,0.9144430749371592,0.9030428071557375,-0.011400267781421669,0.9764130438691688,0.9739270787147356,-0.002485965154433223,0.0029684758373570747,0.004029652713714087,0.0010611768763570122
SIR2 Wild,SIR2_wild,101,26.564778198401076,26.54742069079218,-0.017357507608895872,0.9208463713400451,0.9184044933542265,-0.00244187798581863,0.9620807431932479,0.9618995038211249,-0.0001812393721229988,0.0037167692274290656,0.0039206699659801204,0.00020390073855105486
self-collected 5,self_collected,5,17.525799720798027,17.485617913635277,-0.04018180716274955,0.5177417031192217,0.5155044845699873,-0.002237218549234421,0.7520440191306826,0.7513648065701949,-0.0006792125604877519,0.09354484446017956,0.09488112863265122,0.001336284172471655
