{
  "metrics": {
    "LMSE": 0.0064506050929065825,
    "NCC": 0.9221891908571886,
    "PSNR": 21.195381061100957,
    "SSIM": 0.8690133762235034
  },
  "num_images": 179
}
