image,PSNR,SSIM,NCC,LMSE
pair1,19.120392415248215,0.560773002599296,0.8559783,0.07577138
pair2,16.982719134795975,0.6342777333694984,0.87003165,0.038374886
pair3,19.198808698039997,0.6156649774130786,0.42092007,0.19962414
pair4,16.03822697618092,0.3606405157789882,0.6612285,0.09818673
pair5,17.57596236039667,0.4534482646369404,0.84291893,0.059531257
