weights,PSNR,SSIM,NCC,LMSE,score
"0.25,0.25,0.25,0.25",21.975966504620676,0.8865475476867213,0.9414210209633385,0.004001772234101868,1.0
