epoch,dataset,PSNR,SSIM,NCC,LMSE
1,real20,22.565960168328363,0.7935766616129383,0.8655698,0.026101684
1,ceilnet_table2,26.865247826180298,0.9361654014049601,0.9762236,0.0055491785
1,wild,25.04427759932687,0.9122504289519497,0.9660085,0.0041939593
