{
  "metrics": {
    "LMSE": 0.0032623098255101864,
    "NCC": 0.9867591734007035,
    "PSNR": 30.106034245109363,
    "SSIM": 0.9605431027903393
  },
  "num_images": 100
}
