image,PSNR,SSIM,NCC,LMSE
pair1,19.07514957107443,0.5609073111265537,0.85423476,0.075621784
pair2,16.56485112148942,0.6073569028154862,0.8700433,0.04365426
pair3,19.709189459777047,0.6625408645247796,0.5443848,0.16843185
pair4,16.091297401814618,0.36179148389173826,0.67916715,0.09717043
pair5,17.58290535023092,0.44883565162563704,0.840866,0.06024451
