epoch,dataset,PSNR,SSIM,NCC,LMSE
1,real20,22.560546857817354,0.7933421445030555,0.8650915,0.026132446
1,ceilnet_table2,26.878226213176454,0.9359321991401327,0.9762828,0.005564089
1,wild,25.043204228804576,0.9126969546167757,0.9659467,0.004180813
