{
  "metrics": {
    "LMSE": 0.024337466033381012,
    "NCC": 0.8585589366759996,
    "PSNR": 21.79061580502538,
    "SSIM": 0.7485668390807069
  },
  "num_images": 20
}
