{
  "metrics": {
    "LMSE": 0.00487205617612974,
    "NCC": 0.9470886017314517,
    "PSNR": 25.88853735979461,
    "SSIM": 0.9124127361954805
  },
  "num_images": 101
}
