{
  "metrics": {
    "LMSE": 0.09403217404126796,
    "NCC": 0.7506730701727748,
    "PSNR": 17.50183530264712,
    "SSIM": 0.5136193774786421
  },
  "num_images": 5
}
