epoch,dataset,PSNR,SSIM,NCC,LMSE
1,real20,22.55959019754911,0.7933455112318117,0.8647214,0.02623133
1,ceilnet_table2,26.855783153401564,0.9346633815992146,0.9760927,0.005690901
1,wild,25.062109525871268,0.9122672825594232,0.96607417,0.004207513
2,real20,22.54127045193701,0.7932418524036764,0.8653539,0.02631545
2,ceilnet_table2,26.7771194511976,0.9350381989741058,0.9758469,0.005815803
2,wild,25.059027577481793,0.9110920129265058,0.9660355,0.0042711264
3,real20,22.534594540634856,0.7932749728436151,0.8649685,0.026340488
3,ceilnet_table2,26.77554605702081,0.9347835635231287,0.97582453,0.005838142
3,wild,25.060596515901526,0.91129910021186,0.9660673,0.004269871
