{
  "metrics": {
    "LMSE": 0.10515481139758528,
    "NCC": 0.7107294328850454,
    "PSNR": 17.183729086027682,
    "SSIM": 0.4936518320056102
  },
  "num_images": 5
}
