{
  "metrics": {
    "LMSE": 0.01952076694356087,
    "NCC": 0.8804477730022973,
    "PSNR": 22.196342085598182,
    "SSIM": 0.7668129257120497
  },
  "num_images": 20
}
