epoch,dataset,PSNR,SSIM,NCC,LMSE
1,real20,22.525770329279077,0.792494656784654,0.86542284,0.026290283
1,ceilnet_table2,26.475158673492622,0.9348588803215883,0.97605574,0.0057258215
1,wild,24.958649177910974,0.9115597135656257,0.96566343,0.0042233537
