{
  "metrics": {
    "LMSE": 0.004029652713714087,
    "NCC": 0.9739270787147356,
    "PSNR": 24.825195628814637,
    "SSIM": 0.9030428071557375
  },
  "num_images": 179
}
