fn,PSNR,SSIM,NCC,LMSE
pair1.png,18.842653987415776,0.5567698328667557,0.8550491333007812,0.07123458962654268
pair2.png,16.591003898404136,0.6132374228708352,0.8717213869094849,0.0432313334577101
pair3.png,19.536016081754195,0.6031546866840735,0.26146063208580017,0.2689678510863638
pair4.png,16.48449015835576,0.37894229818691527,0.6873012185096741,0.09227163638390795
pair5.png,17.733639807905814,0.45377495593138434,0.8531805872917175,0.06022321779360017
