{
  "metrics": {
    "LMSE": 0.004298781350631763,
    "NCC": 0.9483999606001451,
    "PSNR": 21.888360090942594,
    "SSIM": 0.8779669619037166
  },
  "num_images": 179
}
