image,PSNR,SSIM,NCC,LMSE
pair1,18.72054714517291,0.5396953271464991,0.84946054,0.08195836
pair2,16.286796287565142,0.615408822057942,0.8647355,0.04380855
pair3,19.108310066522353,0.5559453840385011,0.4221262,0.24516875
pair4,15.589062778804125,0.35179334474601553,0.61703354,0.10751774
pair5,17.419604945846512,0.4026416167772822,0.8383065,0.06464317
