epoch,dataset,PSNR,SSIM,NCC,LMSE
1,real20,22.533265155431256,0.7925559187646349,0.8653089,0.026289757
1,ceilnet_table2,26.55854451799277,0.9351174381232724,0.9761461,0.005715028
1,wild,24.97192186997857,0.9116360255165985,0.9657628,0.0042207544
