{
  "metrics": {
    "LMSE": 0.0029401516461137816,
    "NCC": 0.981925848491288,
    "PSNR": 24.68294826261191,
    "SSIM": 0.8996590070760816
  },
  "num_images": 200
}
